user_id,group,total_turns,first_intervene_turn,total_intervene_count,user_answer,full_dialogue
user_827048,B,3,0,0,录取：候选人1 | 专业： | 算法能力： | 项目经验：,"[用户]: 给我阿大撒

[AI]: API调用失败: Error code: 402 - {'error': {'message': 'Insufficient Balance', 'type': 'unknown_error', 'param': None, 'code': 'invalid_request_error'}}

[用户]: 撒饭卡考了几分

[AI]: API调用失败: Error code: 402 - {'error': {'message': 'Insufficient Balance', 'type': 'unknown_error', 'param': None, 'code': 'invalid_request_error'}}

[用户]: 爱尔兰我看放假啊为了开发

[AI]: API调用失败: Error code: 402 - {'error': {'message': 'Insufficient Balance', 'type': 'unknown_error', 'param': None, 'code': 'invalid_request_error'}}

"
user_320175,B,3,0,0,录取：候选人4 | 专业：数学基础 需掌握线性代数（矩阵运算、SVD）、概率统计（贝叶斯、最大似然估计）及最优化方法（梯度下降、Adam）。面试时会考察公式推导与物理意义理解，而非死记硬背。例如，能解释为何Transformer用LayerNorm而非BatchNorm。 | 算法能力：数据处理与特征工程 考察脏数据清洗（缺失值、异常值）、特征构造（结合业务逻辑）及不平衡问题处理。追问：正负样本1:1000时，除采样外是否考虑Focal Loss或异常检测？能否通过数据漂移检测提前预警模型失效？ | 项目经验：P1-P2（初级）： 熟悉常见的机器学习算法，了解深度学习基本概念。能解释过拟合、欠拟合、正则化等基本概念。,"[用户]: 给一些招聘AI算法工程师的评级理由

[AI]: 招聘AI算法工程师时，评级理由需要**具体、可量化、且与岗位实际需求强相关**。不能只写“技术不错”或“沟通良好”，而要拆解到算法能力、工程能力、业务理解力、潜力等多个维度。

以下我为你整理了**不同评级（S/A/B/C）的典型理由**，供你在写面试反馈或绩效评估时参考。

---

### 一、S级（卓越 / 超出预期）
**核心特征：** 能独立解决复杂问题，有技术前瞻性，能推动团队技术天花板。

**常见理由：**
1.  **创新与落地并重：** 在CV/NLP/多模态领域提出了新颖且有效的改进方案（如改进Attention结构、设计新的Loss函数），在公开数据集或实际业务中**提升指标超过5%**，并成功迁移至线上系统。
2.  **工程化能力顶尖：** 精通C++/CUDA，能将模型推理延迟降低**50%以上**，或独立完成了从PyTorch模型到TensorRT/ONNX的**端到端部署**，解决了显存瓶颈。
3.  **复杂问题拆解：** 面对一个模糊的业务需求（如“提升搜索点击率”），能主动拆解为数据清洗、特征工程、模型选型、AB实验设计等具体步骤，并主导完成全链路方案。
4.  **技术影响力：** 在团队内引入了高效的实验管理工具（如MLflow、W&B）或代码规范，显著提升了团队整体研发效率。
5.  **顶会论文/开源贡献：** 有NeurIPS/ICML/CVPR等**一作论文**，或为知名开源项目（如Hugging Face、PyTorch）贡献过核心代码。

**示例评语：**
> “该候选人在模型压缩方向展现了极强的工程能力，将原本12GB的BERT模型压缩至1.5GB，精度损失仅0.3%，并独立完成了移动端部署。同时，他主动分享了量化感知训练的最佳实践，带动了团队技术升级。**评级：S**”

---

### 二、A级（优秀 / 超出岗位要求）
**核心特征：** 能高质量完成核心任务，有较强的独立性和技术深度。

**常见理由：**
1.  **模型调优能力强：** 精通**超参数搜索**（贝叶斯优化、网格搜索）和**数据增强**策略，能稳定提升模型在验证集上的F1/AUC指标。
2.  **代码质量高：** 代码结构清晰（遵循PEP8/Google Style），**单元测试覆盖率高**，有良好的版本管理习惯（Git Flow），能独立维护模块。
3.  **业务理解到位：** 能主动与产品/运营沟通，将业务指标（如转化率、留存率）转化为**技术指标**（如CTR预估误差、推荐召回率），并给出可解释的分析。
4.  **快速学习能力：** 面对一个全新的领域（如从CV转向Graph Neural Network），能在**1-2周内**完成文献调研、基线复现并给出初步效果。
5.  **协作顺畅：** 能清晰地向非技术同事解释模型原理（如为什么某个特征重要），并推动跨团队（如后端、数据工程）协作。

**示例评语：**
> “该候选人负责的推荐召回模型，通过引入图神经网络和用户行为序列建模，将召回率提升了8%。他代码规范，实验记录完整，且能主动与业务方对齐指标定义。**评级：A**”

---

### 三、B级（合格 / 符合预期）
**核心特征：** 能完成分配的任务，但需要一定指导或存在明显短板。

**常见理由（需具体指出问题）：**
1.  **基础扎实但缺乏深度：** 熟悉常见的CNN/RNN/Transformer，能复现论文，但**对原理理解不够深入**（如无法解释梯度消失的数学原因，或不会调Batch Normalization参数）。
2.  **工程能力一般：** 熟悉Python，但**对C++/CUDA、多线程、内存管理不熟悉**，部署依赖他人；或代码存在明显性能问题（如循环中频繁申请GPU内存）。
3.  **业务敏感性不足：** 能完成模型训练，但**不关注线上效果**，导致离线指标高但线上无提升，或无法解释模型预测失败的原因。
4.  **依赖他人：** 需要较详细的指导才能完成复杂任务（如设计特征工程），独立解决问题的**路径依赖较强**（只会用默认参数跑模型）。

**示例评语：**
> “该候选人熟悉PyTorch和常见分类模型，能独立完成数据清洗和模型训练。但在模型部署环节依赖后端同事，且对模型可解释性（如SHAP值分析）了解不足。建议加强工程化实践。**评级：B**”

---

### 四、C级（待改进 / 不符合预期）
**核心特征：** 存在明显能力短板，或态度/协作问题。

**常见理由：**
1.  **基础薄弱：** 对机器学习基础（过拟合、偏差方差权衡、激活函数选择）理解模糊，无法手写简单的K-means或逻辑回归。
2.  **代码能力差：** 代码难以维护，经常出现低级错误（如索引错误、类型错误），且**不写注释/测试**；Git使用混乱（经常覆盖他人代码）。
3.  **缺乏主动性：** 只做被分配的任务，遇到问题不主动沟通，导致任务延期；或对业务需求理解偏差较大，需要反复返工。
4.  **实验结果无法复现：** 实验记录混乱（没有固定随机种子、不记录参数），导致自己的实验结果**无法复现**，影响团队信任。
5.  **沟通协作问题：** 在团队中经常指责他人（“数据脏”“需求不合理”），但自己也不提供解决方案；或技术分享时逻辑混乱。

**示例评语：**
> “该候选人对Transformer的理解停留在调用接口层面，无法解释Self-Attention的计算复杂度。代码中存在多处硬编码，且未进行单元测试，导致上线后出现数据格式错误。建议补强基础并提升代码规范。**评级：C**”

---

### 五、补充：不同岗位侧重点的差异化理由

| 岗位类型 | 重点考察维度 | 评级理由示例 |
| :--- | :--- | :--- |
| **CV工程师** | 模型压缩、部署、数据增强 | “精通YOLO系列，能将模型量化后部署到Jetson，帧率提升3倍” |
| **NLP工程师** | 预训练模型微调、Prompt工程、大模型 | “擅长使用LoRA微调LLaMA，在领域数据上提升10%的准确率” |
| **推荐/搜索** | 特征工程、多目标优化、AB实验 | “设计了一套用户长短期兴趣分离的序列模型，提升了整体GMV” |
| **强化学习** | 环境搭建、策略优化、模拟器 | “能在MuJoCo中复现PPO算法，并针对物流调度问题设计了奖励函数” |
| **大模型应用** | RAG、Agent、Prompt Engineering | “独立搭建了基于LangChain的RAG系统，解决了文档检索中的幻觉问题” |

### 六、最后提醒：3个“好理由”的黄金原则

1.  **具体化**：不要只写“技术好”，要写“在XXX任务上，通过XXX方法，将XXX指标提升了YY%”。
2.  **可验证**：理由最好能对应到他的**GitHub代码、项目文档、实验记录**，而不是面试时的口头承诺。
3.  **有对比**：用“与团队现有方案相比”或“在公开数据集上达到了SOTA”作为参照系，让评级更有说服力。

希望这些理由能帮你更精准地评估候选人。

[用户]: 请控制每条内容100-120字

[AI]: 好的，以下是每条控制在100-120字以内的招聘AI算法工程师评级理由：

---

**S级（卓越）：** 在CV/NLP领域提出创新改进方案，使核心指标提升超5%并成功上线。精通C++/CUDA，能将模型推理延迟降低50%以上，独立完成端到端部署。面对模糊业务需求，主动拆解为全链路方案并主导落地。有顶会一作论文或知名开源项目核心贡献，技术影响力显著。

**A级（优秀）：** 精通超参数搜索与数据增强，稳定提升模型F1/AUC指标。代码质量高，单元测试覆盖完善，能独立维护模块。主动将业务指标转化为技术指标，给出可解释分析。面对新领域，1-2周内完成文献调研与基线复现，推动跨团队协作顺畅。

**B级（合格）：** 熟悉常见模型架构，能复现论文并完成数据清洗与训练，但对原理理解不够深入。工程能力一般，部署依赖他人，代码存在性能问题。业务敏感性不足，离线指标高但线上无提升。独立解决复杂任务需详细指导，路径依赖较强。

**C级（待改进）：** 机器学习基础薄弱，无法解释过拟合、梯度消失等核心概念。代码混乱且无注释测试，Git使用频繁出错。缺乏主动性，问题不主动沟通导致任务延期。实验记录混乱，结果无法复现，影响团队信任。沟通协作中常指责他人而不提供解决方案。

[用户]: 请分点整理，结构更清晰

[AI]: 好的，以下是按等级分点整理、每条控制在100-120字以内的AI算法工程师评级理由，结构更清晰：

---

### S级（卓越）

- **创新与落地并重**：在CV/NLP领域提出新颖改进方案，使核心指标提升超5%并成功上线。精通C++/CUDA，能将模型推理延迟降低50%以上，独立完成端到端部署。面对模糊业务需求，主动拆解为全链路方案并主导落地。

- **技术影响力突出**：有顶会一作论文或知名开源项目核心贡献。在团队内引入高效工具（如MLflow、W&B）或代码规范，显著提升整体研发效率。能独立解决复杂问题，具备技术前瞻性，推动团队技术天花板。

### A级（优秀）

- **模型调优与代码质量**：精通超参数搜索与数据增强，稳定提升模型F1/AUC指标。代码遵循规范，单元测试覆盖完善，有良好版本管理习惯，能独立维护模块。面对新领域，1-2周内完成文献调研与基线复现。

- **业务理解与协作**：主动将业务指标（转化率、留存率）转化为技术指标，给出可解释分析。能清晰向非技术同事解释模型原理，推动跨团队协作顺畅。快速学习能力强，能独立高质量完成核心任务。

### B级（合格）

- **基础扎实但深度不足**：熟悉CNN/RNN/Transformer等常见架构，能复现论文并完成数据清洗与训练，但对原理理解不够深入（如无法解释梯度消失原因）。工程能力一般，部署依赖他人，代码存在性能问题。

- **业务与独立性待提升**：业务敏感性不足，离线指标高但线上无提升，或无法解释模型预测失败原因。独立解决复杂任务需详细指导，路径依赖较强（只会用默认参数跑模型）。整体符合预期但需持续指导。

### C级（待改进）

- **基础与代码能力薄弱**：机器学习基础薄弱，无法解释过拟合、偏差方差权衡等核心概念。代码混乱且无注释测试，经常出现低级错误；Git使用混乱，频繁覆盖他人代码，影响团队协作效率。

- **主动性与沟通问题**：缺乏主动性，只做分配任务，问题不主动沟通导致延期。实验记录混乱，结果无法复现，影响团队信任。沟通中常指责他人而不提供解决方案，或技术分享逻辑混乱。

"
user_766694,Control,3,2,2,录取：候选人4 | 专业：无 | 算法能力：无 | 项目经验：无,"[用户]: 给一些招聘AI算法工程师的评级理由

[用户]: 分点

[AI]: 以下是为招聘**AI算法工程师**设计的评级理由，可根据候选人的实际表现灵活选用。这些理由按**技术能力、项目经验、工程素养、团队协作、创新潜力**五个维度分类：

---

### 一、技术基础与理论深度
1. **数学基础扎实**：对线性代数、概率论、最优化等核心概念理解透彻，能清晰推导常见算法（如SVM、EM、注意力机制）的数学原理。
2. **模型理解深刻**：不仅会用框架调用模型，还能从损失函数设计、梯度流动、正则化策略等角度解释模型行为与调优方向。
3. **前沿追踪敏锐**：主动关注顶会论文（NeurIPS/ICML/CVPR），能快速复现并评估新方法在业务场景的可行性。
4. **多领域覆盖**：在CV、NLP、强化学习、图神经网络等至少两个子方向有系统学习或项目积累。

### 二、项目实战与落地能力
1. **端到端交付经验**：独立完成从数据采集、清洗、特征工程、模型训练到部署上线的完整流程，并形成可复用的技术文档。
2. **业务指标优化**：在推荐系统、风控、搜索等场景中，通过算法改进使核心业务指标（如CTR、召回率、AUC）提升超过X%。
3. **数据敏感性强**：能快速发现数据分布偏移、标注噪声、样本不平衡等问题，并提出针对性解决方案（如重采样、合成数据、对抗训练）。
4. **鲁棒性与稳定性**：在线上A/B测试中，模型表现持续稳定，无明显抖动或过拟合现象，具备完善的监控与回滚机制。

### 三、工程化与代码质量
1. **高效实现能力**：熟练使用PyTorch/TensorFlow，能针对模型结构或数据流进行算子融合、混合精度训练、分布式优化，训练速度提升X倍。
2. **代码规范严谨**：遵循PEP8/Google风格，编写清晰的注释与单元测试，代码可读性强，易于团队协作与后续维护。
3. **系统设计思维**：能设计合理的模型服务架构（如gRPC、TensorRT推理、缓存策略），兼顾延迟、吞吐与成本。
4. **工具链熟练**：熟悉Docker、Kubernetes、MLflow、Weights & Biases等工具，具备CI/CD与模型版本管理经验。

### 四、团队协作与沟通
1. **跨团队协作**：能与产品、工程、业务团队高效沟通，将技术方案转化为业务语言，推动项目从0到1落地。
2. **知识分享意识**：主动组织技术分享、撰写内部文档或论文解读，帮助团队成员提升整体技术水位。
3. **问题定位能力**：在线上故障排查中，能快速区分是数据问题、模型问题还是工程问题，并给出修复优先级。
4. **抗压与韧性**：面对deadline或模型效果瓶颈时，能保持冷静，系统性地尝试多种方案并记录实验结论。

### 五、创新能力与成长潜力
1. **问题定义能力**：能从模糊业务需求中提炼出可量化的算法问题，并设计出有理论依据的解决方案。
2. **实验设计严谨**：能设计正交实验、消融实验、对比基线，结论可信度高，避免“调参玄学”。
3. **开源贡献或专利**：在GitHub有高质量项目、PR被知名仓库合并，或拥有算法相关专利/顶会论文。
4. **学习曲线陡峭**：入职后快速熟悉现有代码库与业务逻辑，两周内能独立提交有效代码或模型改进方案。

---

### 使用建议
- **组合使用**：例如“技术基础扎实 + 项目落地能力强 + 代码规范好”可作为高级工程师评级理由。
- **量化补充**：尽量加入具体数据（如“召回率提升3%”“训练速度加快40%”），增强说服力。
- **差异化**：对于应届生侧重“理论基础+学习潜力”，对于社招侧重“项目经验+工程化能力”。

[用户]: 缩减字数

[AI]: 以下是精简后的AI算法工程师评级理由，按维度分点：

**一、技术基础**
- 数学与算法原理理解透彻，能推导常见模型
- 关注顶会论文，能快速复现并评估可行性
- 覆盖CV/NLP/强化学习等至少两个方向

**二、项目落地**
- 独立完成从数据清洗到模型部署的完整流程
- 通过算法改进使核心业务指标提升明显（如CTR+5%）
- 能识别数据分布偏移、噪声等问题并针对性解决
- 线上模型表现稳定，具备监控与回滚机制

**三、工程能力**
- 熟练PyTorch/TensorFlow，能进行混合精度训练、分布式优化
- 代码规范，有单元测试，可读性强
- 能设计合理推理架构（gRPC、TensorRT），平衡延迟与成本
- 熟悉Docker、K8s、MLflow等工具，有CI/CD经验

**四、团队协作**
- 能与产品、工程高效沟通，推动项目落地
- 主动技术分享，提升团队整体水平
- 能快速定位线上故障（数据/模型/工程问题）
- 面对压力能系统化尝试方案并记录结论

**五、创新潜力**
- 从模糊需求提炼出可量化的算法问题
- 实验设计严谨，结论可信，避免调参玄学
- 有开源贡献、专利或顶会论文
- 入职后快速熟悉代码库，两周内独立产出有效改进

"
